이더리움,ETH_KRW
비트코인,BTC_KRW
룸네트워크,LOOM_KRW
폴카닷,DOT_KRW
링크플로우,LF_KRW
스텔라루멘,XLM_KRW
도지코인,DOGE_KRW
유니스왑,UNI_KRW
리플,XRP_KRW
바이오패스포트,BIOT_KRW
라이트코인 ,LTC_KRW
미스블록,MSB_KRW
위믹스 ,WEMIX_KRW
이캐시,XEC_KRW
에이다 ,ADA_KRW
루나,LUNA_KRW
트론,TRX_KRW
클레이튼,KLAY_KRW
이더리움 클래식,ETC_KRW
체인링크 ,LINK_KRW
애니버스 ,ANV_KRW
이오스,EOS_KRW
폴라리스 쉐어,POLA_KRW
우마,UMA_KRW
아르고,AERGO_KRW
벨로프로토콜,VELO_KRW
어셈블프로토콜,ASM_KRW
알고랜드 ,ALGO_KRW
앵커뉴럴월드,ANW_KRW
솔라나 ,SOL_KRW
세럼,SRM_KRW
코스모스,ATOM_KRW
밀리미터토큰 ,MM_KRW
누사이퍼,NU_KRW
테조스,XTZ_KRW
오미세고,OMG_KRW
베라시티 ,VRA_KRW
스와이프,SXP_KRW
비트코인 캐시,BCH_KRW
월튼체인,WTC_KRW
마일벌스,MVC_KRW
퀀텀,QTUM_KRW
렌,REN_KRW
베이직 ,BASIC_KRW
샌드박스,SAND_KRW
비트토렌트,BTT_KRW
마이네이버앨리스,ALICE_KRW
소다코인,SOC_KRW
제노토큰,XNO_KRW
이오스트,IOST_KRW
비체인 ,VET_KRW
저스트,JST_KRW
셀러네트워크,CELR_KRW
바이낸스코인,BNB_KRW
스시스왑,SUSHI_KRW
다빈치,DAC_KRW
썬,SUN_KRW
칠리즈,CHZ_KRW
비트코인에스브이,BSV_KRW
디비전,DVI_KRW
비트코인 골드,BTG_KRW
신세틱스,SNX_KRW
메탈,MTL_KRW
콘텐토스,COS_KRW
아이콘,ICX_KRW
파워렛저,POWR_KRW
온톨로지가스,ONG_KRW
프로톤,XPR_KRW
밀크 ,MLK_KRW
연파이낸스 ,YFI_KRW
디센트럴랜드,MANA_KRW
웨이브,WAVES_KRW
에이치닥 ,HDAC_KRW
넴,XEM_KRW
템코 ,TEMCO_KRW
어댑터 토큰,ADP_KRW
라이브피어,LPT_KRW
아이젝,RLC_KRW
쎄타토큰,THETA_KRW
리저브라이트,RSR_KRW
에이아이워크,AWO_KRW
엘프,ELF_KRW
팬케이크스왑 ,CAKE_KRW
하이브,HIVE_KRW
쿠사마,KSM_KRW
카이버 네트워크 ,KNC_KRW
버거스왑,BURGER_KRW
폴리곤 ,MATIC_KRW
오르빗 체인,ORC_KRW
펑션엑스,FX_KRW
펀디엑스,PUNDIX_KRW
트러스트버스,TRV_KRW
제로엑스,ZRX_KRW
온톨로지,ONT_KRW
엔진코인,ENJ_KRW
쎄타퓨엘,TFUEL_KRW
왁스,WAXP_KRW
바이프로스트,BFC_KRW
오브스,ORBS_KRW
300피트 네트워크,FIT_KRW
알파쿼크 ,AQT_KRW
더그래프,GRT_KRW
어거,REP_KRW
스팀,STEEM_KRW
보아,BOA_KRW
너보스,CKB_KRW
오키드,OXT_KRW
비트코인 다이아몬드,BCD_KRW
엑시인피니티,AXS_KRW
보라,BORA_KRW
앵커,ANKR_KRW
밸런서,BAL_KRW
크립토닷컴체인,CRO_KRW
고머니2,GOM2_KRW
질리카,ZIL_KRW
페이코인,PCI_KRW
콜라토큰,COLA_KRW
스트라티스,STRAX_KRW
썸씽,SSX_KRW
싸이클럽,CYCLUB_KRW
링엑스,RINGX_KRW
무비블록,MBL_KRW
루프링,LRC_KRW
퀴즈톡,QTCON_KRW
피르마체인,FCT_KRW
게이머코인,GHX_KRW
크로미아,CHR_KRW
컴파운드 ,COMP_KRW
스테이터스네트워크토큰,SNT_KRW
플레타 ,FLETA_KRW
알파체인,ARPA_KRW
미러 프로토콜,MIR_KRW
코르텍스,CTXC_KRW
센트럴리티,CENNZ_KRW
에이브,AAVE_KRW
더마이다스터치골드,TMTG_KRW
카르테시,CTSI_KRW
아모코인,AMO_KRW
엘리시아,EL_KRW
리니어파이낸스,LINA_KRW
뱅코르,BNT_KRW
아픽스,APIX_KRW
울트라,UOS_KRW
웨이키체인,WICC_KRW
네스트리,EGG_KRW
메이커,MKR_KRW
옵저버,OBSR_KRW
맵프로토콜,MAP_KRW
이포스,WOZX_KRW
골렘,GLM_KRW
비너스,XVS_KRW
블로서리,BLY_KRW
에이피엠 코인 ,APM_KRW
위드 ,WIKEN_KRW
다이,DAI_KRW
베이커리토큰,BAKE_KRW
쿼크체인 ,QKC_KRW
베이직어텐션토큰,BAT_KRW
써틱,CTK_KRW
벨라프로토콜,BEL_KRW
메타디움,META_KRW
타키온프로토콜,IPX_KRW
랠리,RLY_KRW
오션프로토콜,OCEAN_KRW
뉴메레르,NMR_KRW
아로와나토큰,ARW_KRW
믹스마블 ,MIX_KRW
아이온,AION_KRW
심볼,XYM_KRW
이브이지,EVZ_KRW
라이파이낸스,RAI_KRW
브이시스템즈,VSYS_KRW
왐토큰,WOM_KRW
지엑스체인,GXC_KRW
힙스 ,HIBS_KRW
트루체인,TRUE_KRW
다드,DAD_KRW
이마이너,EM_KRW
머신익스체인지코인,MXC_KRW
코넌,CON_KRW
밸러토큰,VALOR_KRW
